,Year,Prediction
0,2024,16963.59666666668
1,2034,29210.853809523862
2,2090,97795.49380952399
3,3014,1229442.053809524
4,2060,61053.722380952444
5,2031,25536.676666666754
6,2065,67177.35095238127
7,2070,73300.97952380963
